place,hex,modifier,longitude,latitude
42 Traverse,#c3c7d8,,176.0236206,-37.6557578
Abbotsford,#cc996a,,170.4257886,-45.8946234
Adele Island,#b1d9db,,173.0596341,-40.9805942
Ahipara,#eeebe0,Half,173.1469345,-35.1754824
Ahipara,#e4e1d4,Double,173.1562074,-35.1664105
Ahipara,#eae8dd,,173.1320404,-35.1498809
Albany,#f6eef2,,174.7086478,-36.7279344
Albert Town,#d27b34,,169.1872642,-44.6832402
Albury,#f5d593,,170.8728698,-44.2318201
Alexandra,#eed2cb,,169.3921819,-45.2550839
All Day Bay,#425f9b,,170.892618,-45.205144
Alligator Head,#847e7a,Double,174.155028,-40.968556
Amberley,#8d828c,,172.7329869,-43.1512956
Amodeo Bay,#495e93,,175.44151,-36.67408
Amorino Park,#96a7a4,,174.6977914,-36.6007997
Anaura Bay,#fcba2d,,178.3267366,-38.2333833
Andersons Bay,#c77462,,170.5316864,-45.8961549
Aoraki,#eaeeea,Half,170.0977232,-43.7349453
Aoraki,#daddd7,Double,170.2410739,-43.6048727
Aoraki,#f0f1ec,Quarter,170.1421677,-43.5950017
Aotea Quay,#e5c53f,,174.7860527,-41.2688682
Apple Tree Bay,#c6dfde,,173.0391833,-40.9833168
Aratapu,#d5847e,,173.9055585,-36.0137488
Ardmore,#95a28a,,174.9831104,-37.0333574
Aro Street,#c69eaf,,174.7622315,-41.2942115
Arrow River,#cfb059,,168.8175281,-44.858616
Arrow Rock,#a89a89,,173.2570971,-41.2713737
Arthur's Pass,#929585,,171.5593933,-42.907413
Ashburton,#e4898d,,171.7503327,-43.9024396
Ashhurst,#8d974e,,175.7557583,-40.2893295
Auckland Islands,#b2cdeb,,166.060652,-50.88239
Avalanche Creek,#d9dddf,,171.5546779,-42.942382
Avalon,#b9bcc1,,174.9442724,-41.1928328
Avonhead,#aac4a6,,172.5563302,-43.5198723
Awaroa,#deb29a,,173.2838056,-35.2727799
Awatere,#d3b266,,173.6500506,-41.8785896
Bainham,#6d4333,,172.5636935,-40.7653922
Balaena Bay,#91a2b5,,174.8036808,-41.2923578
Balclutha,#a3acb5,,169.7398641,-46.2377982
Barrys Bay,#c2ebd0,,172.91183,-43.7608127
Basin Reserve,#5a5d56,,174.7802545,-41.30036
Baylys Beach,#dfb995,,173.7462766,-35.9494945
Becks,#b9b6cb,,169.7494268,-44.9928068
Benhar,#d69579,,169.7959438,-46.2242527
Benmore,#ccdfdb,Half,168.3322921,-45.98677
Benneydale,#5f616e,,175.3627608,-38.520108
Bethells Beach,#353434,,174.4445785,-36.8957959
Big Bay,#c4dbdb,,174.6424431,-37.0478489
Big Glory Bay,#da9284,,168.1160106,-46.9764775
Big Lagoon,#005c6d,,174.1029347,-41.5457512
Birdlings Flat,#c6d8e8,,172.7047562,-43.8242634
Bishopdale,#928ea9,,172.5886622,-43.4884343
Black Giants,#72635e,,167.13844,-45.51842
Black Reef,#2e4652,,177.0819868,-39.6319878
Blackball,#685f56,,171.4119525,-42.3640296
Blackhead Beach,#acb4c7,,176.8360456,-40.1670106
Blackwood Bay,#2e2e2e,,174.095113,-41.213491
Bland Bay,#bf9d91,,174.359561,-35.3385744
Blanket Bay,#f8f3e0,,170.589639,-45.833167
Blue Knob,#5a6c8c,,173.3280787,-41.3504493
Blue Pools,#b1c5cb,,169.2704124,-44.1622229
Blueskin Bay,#4d5878,,170.581558,-45.730358
Bluff Hill,#d39f93,,176.9172861,-39.4788919
Boggyburn,#615452,,168.3719775,-46.0625281
Borland,#906c5d,,167.451334,-45.70878
Boulder Bay,#444c54,,174.8779853,-36.7685501
Boulder Beach,#92908c,,170.612308,-45.8972773
Bridal Veil Falls,#7cc5de,,174.8966745,-37.9086008
Britomart,#babf6c,,174.7691726,-36.8445568
Broadfield,#c48e5e,,172.4682617,-43.6044756
Broadway,#d5a285,,174.7779576,-36.8686282
Brookby,#dcd467,,174.9946922,-36.9868478
Browns Bay,#425860,,174.7481983,-36.7156283
Bruce Bay,#a3a29f,,169.5917666,-43.5842248
Bucklands Beach,#f7baa2,,174.904601,-36.8662371
Bunnythorpe,#f0e7d4,Quarter,175.631499,-40.2825904
Burgess Park,#ecf3e5,,174.1154368,-39.1065583
Burkes Pass,#e6afb0,,170.6527866,-44.0894425
Cable Bay,#008487,,173.4767457,-34.9895479
Calm Peak,#dfc8aa,,166.75976,-45.47413
Campbells Bay,#d7ecf5,,174.7619515,-36.7454921
Canoe Bay,#dcf0f2,,173.0479955,-40.8528458
Canvastown,#b6a167,,173.6704274,-41.2911692
Cape Brett,#5172a0,,174.330918,-35.172407
Cape Campbell,#8a4e30,,174.2746266,-41.7282357
Cape Colville,#d8cfbb,Double,175.3446634,-36.4692206
Cape Jackson,#349b7f,,174.3150978,-40.9938291
Cape Kidnappers,#fcdc81,,177.0960028,-39.6428005
Cape Palliser,#958a9f,,175.2734151,-41.6127164
Cape Runaway,#fbe0ac,,177.9827614,-37.5394005
Cape Rēinga,#cab181,,172.6774681,-34.4265787
Cape Rēinga,#d4bc90,Half,172.6793483,-34.4201843
Cardrona,#dfdace,Double,169.0645478,-44.8241301
Cardrona,#f2f0e9,Half,169.0005718,-44.8832724
Caroline Bay,#76808a,,171.2508847,-44.382599
Carrick Range,#75615e,,169.0672509,-45.0651728
Carterton,#f9d464,,175.5259467,-41.0243023
Cascade Cove,#3c3a3c,,166.5930147,-45.8038052
Cashel Street,#e6a7ae,,172.653702,-43.5331046
Cashmere,#b8b2a7,,172.6309889,-43.5716034
Casino Hut,#9db8aa,,176.9087473,-38.3141069
Castlecliff,#4f504f,,174.9835768,-39.9392955
Castlepoint,#d2c1b2,,176.2217236,-40.9008816
Castor Bay,#c9e5f4,,174.7671369,-36.7587345
Catalina Bay,#c6e8ee,,174.6722037,-36.7918725
Cathedral Cove,#555c90,,175.7903756,-36.8286883
Catseye Bay,#007d9b,,167.3902009,-44.8108577
Caversham,#384669,,170.4810145,-45.895911
Charteris Bay,#a1c4cf,,172.708298,-43.6487828
Chatham Islands,#3a533c,,-176.18734,-43.917534
Chatto Creek,#2b645d,,169.5092569,-45.1409431
Cheddar Valley,#ebd9aa,,177.104491,-38.0257401
Cheltenham,#ede0d4,,175.6608381,-40.1375859
Cherry Bay,#d16869,,174.1857118,-41.1716903
Cheviot,#eeac5d,,173.2735027,-42.8116534
Church Road,#d4cd58,,174.7803932,-36.9422933
Clarence River,#e7dee7,,173.3054709,-42.2455393
Claris,#90a073,,175.4645657,-36.2440248
Clarks Beach,#eae4cc,,174.7044928,-37.1368737
Clifford Bay,#065183,,174.1872342,-41.6456588
Clifton,#6c939f,,172.750042,-43.5690584
Clive,#96913a,,176.9154754,-39.5828238
Cloudy Range,#757361,,173.2210546,-42.3741513
Clutha,#94aad2,,169.7398641,-46.2377982
Coal Island,#414a58,,166.6270102,-46.1181615
Coalgate,#44372b,,171.9660126,-43.4819896
Coatesville,#ad4430,,174.6393415,-36.7170336
Cockle Bay,#dce0ef,,174.9430254,-36.9001875
Colac Bay,#4dc0a6,,167.9149326,-46.3695508
Collingwood,#dfcfb1,Double,172.6844307,-40.68202
Colombo Street,#c92c2b,,174.7776937,-41.3122368
Conway Flat,#a8adb7,,173.4576416,-42.6181228
Cook Strait,#386168,,174.5445093,-41.1976586
Cooks Beach,#9bbdc3,,175.7410613,-36.8382656
Coopers Beach,#efebda,,173.5188316,-34.9878961
Coopers Beach,#e9e0cb,Double,173.5068287,-34.9945196
Cornwall Park,#b0e5c7,,174.7887202,-36.9009803
Cossack Rock,#a9a594,,169.2435791,-52.5049616
Courtenay Place,#e35840,,174.7803883,-41.2932163
Cricklewood,#777eb0,,170.8551264,-44.1710772
Crown Range,#eab2b3,,168.9202465,-44.9537943
Cuba Street,#b1c05e,,174.886927,-41.2234813
Cumberland Street,#563b37,,172.6546721,-43.519403
D'Urville Island,#7bb5ac,,173.8696532,-40.817514
Dannevirke,#eeebe2,,176.0982442,-40.2073897
Danseys Pass,#70384d,,170.3729642,-44.9526968
Darfield,#c5ac7c,,172.1087152,-43.4882301
Dargaville,#ac7b7b,,173.8685702,-35.9412143
Dark Cloud Range,#7f888f,,166.8696121,-45.8578985
Dart River,#c8ebec,,172.6454411,-41.5076571
Dashwood Pass,#bd9369,,174.053424,-41.6084695
Denniston,#6a6c76,,171.7973765,-41.7372136
Desert Road,#ddc17e,,170.6934262,-45.8130893
Devils Backbone,#7a3332,,173.449435,-41.668641
Devils Staircase,#d43938,,173.8501946,-41.082219
Devonport,#f0efbf,,174.7975377,-36.8297309
Diamond Harbour,#746a73,,172.7399332,-43.6271963
Diggers Valley,#83624f,,173.3113003,-35.1837349
Dingle Burn,#c1b298,,169.498071,-44.3868358
Dipton,#e5d398,,168.3681178,-45.8999088
Dog Kennel Corner,#ebeaaf,,170.5673484,-44.0964519
Double Cove,#f47369,,174.0137327,-41.2351902
Doubtful Sound,#423d4b,,167.0865205,-45.3738793
Dunedin,#dcc5b9,,170.5035755,-45.8740984
Dunsandel,#c7b796,,172.197083,-43.6610056
Duntroon,#d6bf80,,170.6832097,-44.8538398
Durie Hill,#9e9cab,,175.0692835,-39.9387491
Dusky Forest,#6d6746,,169.1650575,-45.8295755
Dusky Sound,#d4c5d5,,166.7457543,-45.7346227
Duvauchelle,#ece7d9,,172.9445993,-43.7554266
Earnscleugh,#ca965d,,169.3178745,-45.2162322
Earthquake Flat,#845a4e,,176.3018342,-38.315624
East Beach,#3b618d,,173.178023,-34.859788
Eastbourne,#ddd0b7,,174.8984175,-41.2913416
Eastern Bush,#fbeceb,,167.760483,-46.013209
Edendale,#c9bd9f,Double,168.7850981,-46.3144058
Edendale,#d7ccb2,,172.3172871,-43.5287583
Eketāhuna,#8cc379,,175.7033205,-40.6466355
Ellerslie,#ca798b,,174.8150298,-36.897603
Eltham,#fad997,,174.3048314,-39.4282209
Emerald Lakes,#4c785f,,175.6545348,-39.1340074
Emerald Pools,#dbe3d1,,173.4614693,-41.3486666
Epsom,#efeae0,,174.7734616,-36.8858447
Eskdale,#d2b995,,176.832106,-39.392223
Ettrick,#893737,,169.3650466,-45.6348073
Evans Bay,#e8944b,,174.8111418,-41.3001439
Evansdale,#fae8cd,Half,170.5700183,-45.7194832
Farewell Spit,#93c0e7,,172.9704706,-40.5311441
Fendalton,#b2a7a1,,172.598799,-43.5195232
Fernhill,#6d6c68,,176.7653746,-39.5956512
Firth of Thames,#75c9e7,,175.4079915,-37.0417475
Fitzherbert Ave,#be7b35,,174.6213884,-36.8198855
Fitzroy,#fcebae,,175.3006245,-37.8154928
Fitzroy Beach,#9b9ea0,,174.0999384,-39.0418543
Five Fingers Peninsula,#96a6b2,Quarter,166.496556,-45.702944
Five Fingers Peninsula,#697d89,,166.5132059,-45.6842669
Five Rivers,#5b4e39,,168.4585884,-45.6234024
Flat Island,#6d6f57,,175.8675538,-36.7108082
Flat Point,#fd938f,,175.9541512,-41.2426269
Flaxmere,#f8f6df,,176.7861708,-39.6250691
Fort Dorset,#8d98a1,,174.8360946,-41.3289876
Fort Street,#e9dd24,,174.7694062,-36.8461766
Fortrose,#bc8743,,168.800835,-46.5750891
Foveaux Strait,#e0d9ca,Half,168.3598392,-46.612088
Fox Glacier,#a4d8f2,,170.1386966,-43.5170284
Foxton Beach,#ffb6b2,,175.2225541,-40.4613776
Frankton,#734833,,175.2571104,-37.7909408
Franz Josef,#afb0ac,Quarter,170.1819048,-43.3889668
French Bay,#266973,,174.6615039,-36.9477714
French Farm Bay,#7baccf,,172.9142877,-43.7773592
Gabriel's Gully,#e7c7a9,,176.6026909,-39.9843487
Gannet Island,#c2bdc2,,174.5655525,-37.9723213
Garston,#e8ded8,,168.6842791,-45.4671892
Gentle Annie,#d9d5ad,,173.4910039,-41.1670544
George Street,#006bac,,174.7769715,-36.8632412
Geraldine,#a5d0ae,,171.2425898,-44.0921039
Gibbston Valley,#68393d,,168.9151536,-45.0122832
Gillespies Beach,#9b555f,,169.8197293,-43.4150392
Gimblett Rd,#773938,,176.7466266,-39.6129383
Gisborne,#fca92f,,178.0206487,-38.661326
Gladstone Road,#b35968,,174.7387241,-36.8076691
Glen Murray,#a59788,,174.9593139,-37.4475891
Glenbrook,#454445,,174.7602215,-37.1926213
Glendhu Bay,#a6ae9f,,169.0150554,-44.673937
Glentui,#8fc39c,,172.2778417,-43.219745
Glentunnel,#816440,,171.9342317,-43.4815841
Glinks Gully,#d6cec1,,173.8576382,-36.0811046
Goat Island,#105974,,170.6259739,-45.8242514
Godley Head,#bab6b2,,172.8055315,-43.587304
Golden Downs,#383c42,,172.8848268,-41.542548
Golden Springs,#f9f0ef,,176.3121611,-38.4677588
Gonville,#9bc2b3,,175.027059,-39.9419197
Goose Bay,#a3acb5,,173.5280492,-42.4778729
Gordonton,#eed0cd,,175.3082395,-37.6711885
Gore,#42392f,,168.9447811,-46.0984482
Gouland Downs,#c99f96,,172.317131,-40.89567
Gracefield,#2aaa41,,174.9169459,-41.2373917
Grahams Beach,#455338,,174.6619752,-37.0551776
Granity,#5d4a38,,171.8549525,-41.6301692
Green Island,#ffac62,,170.4301484,-45.903193
Greenlane,#d7b3ba,,174.7939619,-36.893759
Greta Valley,#3bb76f,,172.9682943,-42.9640263
Grey Lynn,#babfc2,,174.7364178,-36.859922
Greytown,#bbbfbd,,175.460547,-41.0806338
Grove Arm,#6eb476,,173.954833,-41.261583
Gulf Harbour,#b4c8db,,174.7925871,-36.6190238
Haast,#d4ccbe,Double,169.2548101,-43.9424621
Haast,#e3e1da,Half,169.0420322,-43.8806582
Hagley Park,#fae5ab,,172.6202505,-43.527621
Hahei,#a3b9ce,,175.802826,-36.8402447
Hakataramea,#eceff0,,170.4842387,-44.7219154
Hakatere,#d6e1c1,,171.7503327,-43.9024396
Halfmoon Bay,#ebddbf,,168.1283778,-46.8979908
Halfway Bluff,#c6765f,,168.3272238,-44.0581219
Halswell,#b6dbbe,,172.57058,-43.5855643
Happy Valley,#32493c,,174.7571462,-41.3313209
Harihari,#eaf7f2,,170.5581948,-43.1479196
Haumoana,#e5ebef,,176.9457704,-39.6072711
Haunui,#f0f0ed,Half,176.0443211,-40.6068825
Haunui,#e7e5e9,Double,175.453991,-41.1518312
Hauraki Gulf,#3f525e,,175.0915832,-36.7060245
Havelock,#d2cbd0,Half,175.0209573,-37.2629463
Havelock,#c4bdc3,,173.7676834,-41.278597
Havelock North,#ff9d80,,176.8771367,-39.6702108
Hawke's Bay,#cff0cc,,176.7611457,-39.5256512
Heaphy Track,#75917f,,172.1840486,-40.9063806
Hedgehope,#5e5453,,168.53828,-46.20732
Herald Island,#4e4136,,174.6583999,-36.7782931
Herbert,#9d7638,,170.7875019,-45.2231962
Herd Street,#d7a97f,,174.785844,-41.2911427
Herne Bay,#7d746d,,174.7341061,-36.8441306
Hibiscus Coast,#dfc781,,174.7086237,-36.6095336
Hicks Bay,#e7e0d7,,178.2900625,-37.5913283
Hidden Falls,#e2f6ef,,168.1223868,-44.6302187
Hidden Valley,#efcfd2,,172.6575463,-43.591465
High Street,#a4334e,,174.8500526,-36.9443638
Himatangi,#acc9e5,,175.3172905,-40.3899367
Hinuera,#decc96,,175.7604638,-37.8821496
Hobsonville,#8290b1,,174.6473532,-36.799239
Hokitika,#947d68,,170.9646469,-42.7178871
Hokonui Hills,#47373a,,168.5219874,-45.9517984
Hole in the Rock,#0c4761,,174.8332446,-41.3299155
Homer Tunnel,#b09337,,167.981358,-44.7642164
Honeymoon Valley,#ff9f68,,173.493261,-35.1274821
Hoon Hay,#b4ae98,,172.6087903,-43.564483
Hoopers Inlet,#6f8faf,,170.6724401,-45.8631845
Hopelands,#cbbeb3,Half,175.9507442,-40.3519895
Hopelands,#d6cbc0,Quarter,171.4077651,-43.7775077
Hopelands,#bbaca1,,171.8075104,-43.9280618
Horeke,#a49086,,173.593211,-35.3567081
Horsham Downs,#c18534,,175.249722,-37.6985246
Hot Water Beach,#8caac6,,175.8235659,-36.889811
Houghton Bay,#0081ac,,174.7878218,-41.3382326
Houhora,#c89b59,,173.1056202,-34.794711
Howick,#ddd0bf,,174.8994161,-36.9238091
Howick,#ece4d8,Quarter,174.9286061,-36.8956869
Huapai,#635c61,,174.5423206,-36.7705274
Huka Falls,#6799a2,,176.0899194,-38.648754
Hunterville,#3c3538,,175.5680412,-39.9361379
Huntly,#5075a9,,175.1588322,-37.5583996
Hurstmere Road,#24589a,,174.7735343,-36.7840977
Hurunui,#bb5f63,,172.6411177,-42.8251955
Hutt River,#c8c1b1,,175.0637276,-41.115445
Hāpuku,#b1a7cc,,173.6750537,-42.2350132
Hātaitai,#824657,,174.7967804,-41.304278
Hāwai,#e1c1c1,,177.5283851,-37.9226067
Hāwera,#faecdd,,174.2837207,-39.5893462
Ida Valley,#e3a859,,169.7759325,-45.0833413
Ilam,#4d4d58,,172.5720494,-43.5165611
Inglewood,#9fd196,,174.2076017,-39.1562038
Invercargill,#665738,,168.3470632,-46.4118465
Island Bay,#a1bad2,,174.7716525,-41.3323139
Islington Bay,#635952,,174.8966999,-36.7835681
Jacks Point,#838592,,168.7531685,-45.0760519
K Road,#c84848,,174.7534219,-36.8591814
Kai Iwi Lakes,#d0cbc2,,173.6421008,-35.8146032
Kaiapoi,#8b818c,,172.6521689,-43.3831623
Kaikorai Valley,#d0c8c4,,170.4460455,-45.9020121
Kaikōura,#383c43,,173.6811428,-42.4005999
Kaimanawa Range,#e4d6be,,175.919678,-39.1975056
Kaipara,#62403b,,174.2018585,-36.3796294
Kairākau Beach,#a5b3c7,,176.9258042,-39.9454451
Kaitaia,#ae2b2f,,173.264022,-35.1140609
Kaiteriteri,#f6d27f,,173.0166609,-41.0369592
Kaitoke Beach,#0e4e4d,,175.4772238,-36.2432781
Kaituna,#856b72,,176.3705111,-37.8644387
Kaiwaka,#fbf0bf,,174.4435893,-36.1612116
Kaka Point,#6398bf,,168.175797,-47.052924
Kamo,#c79535,,174.3002928,-35.6822841
Kaponga,#776a56,,174.1544821,-39.4293397
Karaka Bay,#f1ad3c,,174.8774627,-36.8486942
Karamea,#a6c348,,172.1180199,-41.2487451
Karehana Bay,#a99683,,174.8652978,-41.0819811
Karekare,#8c8172,,174.4787488,-36.9861424
Karioitahi Beach,#5782ae,,174.6679365,-37.31134
Karori,#313b40,,174.7387671,-41.2845495
Katikati,#384e46,,175.91541,-37.5522269
Katiki,#413450,,170.8385396,-45.3966115
Kauri Cliffs,#c9beae,Double,173.9237415,-35.073337
Kawau Island,#16a5a6,,174.8635446,-36.4210864
Kawerau,#806461,,176.7033298,-38.0857434
Kea Point,#345e61,,170.074111,-43.703306
Kelburn,#a85c60,,174.7623927,-41.289205
Kellands Pond,#1f3665,,170.0662911,-44.2986831
Kelvin Heights,#f6d37f,,168.6876631,-45.0466397
Kenepuru Sound,#2a3b51,,174.0533924,-41.1896102
Kereta,#e0c38e,,175.435671,-36.9062725
Kerikeri,#c06f32,,173.9491061,-35.2272607
Khandallah,#3a3432,,174.7905885,-41.246742
Kihikihi,#7e7793,,175.3450108,-38.0372702
King Country,#b6a494,,175.2158303,-38.46595
Kingsland,#a98469,,174.7439365,-36.871195
Kingston,#808083,Double,168.7175147,-45.3343708
Kingston,#a9aaab,Half,174.7647252,-41.3223122
Kinleith,#cdbaa2,Double,175.9025836,-38.2833659
Knights Point,#5b6b7c,,169.2248,-43.713104
Knottingley Park,#b6803f,,171.0563645,-44.7480523
Knuckle Point,#897968,,173.4699313,-34.8493239
Koekohe Beach,#b2b0bd,,170.8270021,-45.3192494
Kohimarama,#a6dee3,,174.8368338,-36.8545594
Kohukohunui,#bfc0aa,,175.2194517,-37.0381219
Kohunui Bay,#aeafbb,,174.456741,-36.9360185
Koromiko,#fde599,,173.9620941,-41.3410959
Kumeū,#403130,,174.5546604,-36.7753095
Kumutoto,#e7d8d4,Half,174.7707714,-41.2880909
Kuratau,#eb9a76,,175.7717385,-38.8905969
Kurow,#1e974e,,170.4694561,-44.7338879
Kākahi,#edd3c7,,175.3834269,-38.9354696
Kākānui,#94302f,,175.1357603,-40.9647982
Kāpiti,#cbb992,,170.0201251,-46.0680144
Kārewa Island,#157951,,176.1313914,-37.5300053
Kāwhia,#40495c,,174.826715,-38.131666
Kōpū,#757c49,,175.566059,-37.1855871
Kōwhai Park,#f3c440,,172.5099546,-43.4967643
Kūaotunu,#dec8ae,,175.7245723,-36.7232825
Kūmara,#f2b66a,,171.1869146,-42.6298696
Laingholm,#59524a,,174.6403411,-36.9676904
Lake Alexandrina,#272e4e,,170.4525482,-43.9381889
Lake Angelus,#36a9ce,,172.7459764,-41.8869663
Lake Aviemore,#b2b8d1,,170.2925416,-44.6105878
Lake Bright,#276aac,,167.1425186,-45.6910638
Lake Brunner,#303f55,,171.4400701,-42.6164359
Lake Camp,#9bb4bc,,171.0562569,-43.6149097
Lake Coleridge,#0a97bf,,171.532599,-43.365964
Lake Dunstan,#666f7f,,169.2013001,-45.0523301
Lake Ellesmere,#6eb2be,,172.5077026,-43.7866957
Lake Ferry,#a39b87,,175.1469169,-41.3906208
Lake Grassmere,#a54c4e,,174.134728,-41.719753
Lake Harris,#b9c5d4,,168.176501,-44.7256585
Lake Hauroko,#494e6c,,167.3042173,-45.9551879
Lake Hayes,#5f3935,,168.8244098,-44.9701266
Lake Heron,#b8cfd9,,171.1896475,-43.4411539
Lake Hood,#006684,,171.773739,-43.9660958
Lake Hāwea,#4a525c,,169.3256696,-44.439223
Lake Karapiro,#005183,,175.6589765,-37.9886514
Lake Mangamahoe,#3c4b56,,174.1226506,-39.1246889
Lake Matheson,#4d546b,,169.9652356,-43.4391646
Lake Monowai,#9fbdda,,167.6201526,-45.7902631
Lake Pūkaki,#736c8f,,170.1742311,-44.0477609
Lake Rotoiti,#33517b,,172.8417145,-41.8348349
Lake Rotoma,#75929a,,176.589625,-38.0438754
Lake Rotomahana,#3e4258,,176.4396996,-38.2646488
Lake Sumner,#525266,,172.1546142,-42.6268076
Lake Tarawera,#606d8e,,176.4181593,-38.2053744
Lake Taupō,#00638b,,175.9311663,-38.806535
Lake Taylor,#2a9dd5,,172.2298225,-42.7658239
Lake Tekapō,#51a8bf,,170.4777273,-44.0045194
Lake Waihola,#e3edc1,,170.0943026,-46.0146292
Lake Waikaremoana,#adb2c1,,177.1020772,-38.7619146
Lake Wakatipu,#a3abb3,,168.5211108,-45.0888042
Lake Wardell,#7babb3,,170.1231641,-44.1967315
Lakeside,#a9c7c3,,175.1488583,-37.4168978
Lambton Quay,#d5b966,,174.7777452,-41.2792158
Lauder,#a17a66,,169.6727526,-45.0530863
Lawrence,#e1bb2f,,169.6870009,-45.9129312
Lepperton,#3e4463,,174.2118559,-39.0587991
Levin,#76655b,,175.2865854,-40.6218161
Lichfield,#fbe9bb,,175.8157468,-38.1040559
Ligar Bay,#de9351,,172.9094837,-40.8222996
Limehills,#d7c59b,Half,168.3296911,-46.0583993
Lincoln,#343b37,,172.4860237,-43.6396099
Lindale,#f8dfa9,,175.0213117,-40.9020098
Lindis Pass,#9f8d77,,169.6430798,-44.5882604
Linton,#cec2ab,,175.552844,-40.4305668
Lion Rock,#494d55,,174.467021,-36.9539305
Little Manly,#efe8d7,Double,174.7584209,-36.6373222
Little Shoal Bay,#394f78,,174.742127,-36.8213828
Lochiel,#ffdd62,,168.33366,-46.20594
Lochmara Bay,#cbe2f2,Quarter,174.0015923,-41.2305332
Long Harry Bay,#5a665c,,167.7906,-46.68985
Longwood Forest,#dbd399,,167.814289,-46.2161271
Lottin Point,#21446b,,178.171778,-37.533667
Lyall Bay,#9dd0d8,,174.8023227,-41.3384099
Lyttelton,#bebfba,,172.7205727,-43.6024739
MacKinnon Pass,#828ca5,,167.7657824,-44.8024908
Macetown,#e9bc63,,168.8201003,-44.8668516
Macraes Flat,#bd8753,,170.4290349,-45.382159
Maheno,#ded5c8,,170.8351965,-45.1682869
Maheno,#d4c8b9,Double,174.071312,-36.069873
Mahora,#6cac58,,176.8485063,-39.6255734
Mairangi Bay,#406194,,174.752935,-36.7386335
Makaka Bay,#5d8c9b,,174.5294577,-37.0318543
Maketu,#5b7c9c,,176.4540339,-37.7582634
Malaspina Reach,#b0c3ba,,167.0045022,-45.3335459
Manaia,#c58c37,,174.5169905,-35.8183188
Manapōuri,#0f4b8c,,167.6133964,-45.5651472
Manawatū Gorge,#403d41,,175.7715655,-40.306929
Manfeild,#698364,,175.560008,-40.2371227
Mangakino,#969984,,175.7695224,-38.3706391
Mangatainoka,#dc7842,,175.7100642,-40.5577931
Mangaweka,#a59e92,,176.0854377,-39.8177827
Mangaweka,#cdc4b5,Quarter,175.7899398,-39.8083304
Mangawhai Heads,#3d8a96,,174.5871983,-36.0947939
Manorburn,#e2e3e2,Half,169.6169533,-45.3819503
Manorburn,#dadad5,,169.4405999,-45.2340434
Manorburn,#d0d1ce,Double,169.4465061,-45.2389922
Manorburn,#ecebe5,Quarter,169.4434008,-45.239622
Mansion House Bay,#3fb4cf,,174.8190021,-36.4292764
Manu Bay,#77aca9,,174.8174415,-37.8212333
Manukau,#9695c5,,174.728854,-37.0864743
Maraetai,#747878,,175.0423717,-36.8807143
Maraetai,#a5a8a5,Quarter,176.352278,-38.046056
Maraetai,#90938f,Half,175.7977701,-38.3770293
Marine Parade,#3a3c36,,174.7245538,-36.8468514
Marokopa Falls,#826c59,,174.8519552,-38.2616381
Martinborough,#5b4149,,175.4594856,-41.2183252
Martins Creek,#b1b49a,,167.7762516,-46.9388582
Marton,#cac1ad,,175.3791977,-40.0722219
Mason Bay,#d5ccbd,,167.7090203,-46.9138463
Massey,#bec5d3,,174.6115457,-36.8402845
Masterton,#bf9e4a,,175.6594413,-40.9495524
Matakana,#87393b,,176.0631458,-37.5600501
Matamata,#b0a980,,175.7732759,-37.8095635
Matapōuri,#bc8d57,,174.5030702,-35.5663974
Matauri Bay,#bab072,Double,173.9175349,-35.0332024
Matauri Bay,#cdcc99,,173.9110995,-35.0339202
Mataī Falls,#c3e4bc,,169.4891044,-46.5030606
Mavora,#a7a296,Quarter,168.1763,-45.08755
Mavora,#7b766d,,168.1684311,-45.2255785
Mayfield,#ede29a,,173.9536303,-41.5025971
Mayor Island,#363231,,176.2546801,-37.2889763
McKellar Saddle,#7e8574,,168.1539736,-44.8509235
Mechanics Bay,#af9794,,174.7836176,-36.8468148
Medlands Beach,#ead0a2,,175.4921071,-36.2643879
Mercer,#2a3f52,,175.0485015,-37.2765715
Mercury Bay,#fbebd3,Half,175.7024856,-36.8331861
Mercury Bay,#fde4c6,,175.7226052,-36.8158558
Merino Downs,#f2ded4,,169.0819465,-45.9651473
Methven,#619ed6,,171.6472608,-43.6324332
Middlemarch,#bcbac2,,170.1218572,-45.5047446
Middlemore,#576d61,,174.839071,-36.9630541
Midhirst,#918b7f,Double,174.2653117,-39.2911749
Millers Flat,#e5a0a1,,169.4115378,-45.6639043
Millwater,#c3c4c2,,174.6704279,-36.6010745
Milton,#b5adb5,,169.9624539,-46.1167784
Miramar,#544942,,174.816551,-41.3164457
Mission Bay,#355b78,,174.831802,-36.848267
Mititai,#ffc18a,,173.9329912,-36.0143183
Mitre Peak,#36343f,,167.8548891,-44.632577
Moa Flat,#c5ab84,,169.3056893,-45.7248019
Moana Reserve,#e1e2d6,Quarter,174.6964701,-36.5859477
Moana Reserve,#d6d8c9,Half,173.255641,-41.2814911
Moawhango,#826f9f,,175.8642409,-39.5794201
Moeraki,#39455c,,170.8515085,-45.3609866
Molesworth,#bb9c7e,,173.2626623,-42.0882329
Moncks Bay,#6a3a36,,172.7436021,-43.566388
Monkey Island,#a8adb7,,167.7283667,-46.3004661
Moonlight Creek,#2a3249,,168.6382026,-44.9640072
Moores Valley Road,#e7e1e8,,174.9808264,-41.2650351
Morikau,#9e6a66,,175.0974451,-39.5617096
Morison Bush,#bcdbd3,,175.4885055,-41.1542428
Morison Bush,#cde5dd,Half,175.4378414,-41.1197431
Morrinsville,#f3eedf,,175.5281399,-37.6581506
Morven,#fad19c,,171.1082088,-44.8177831
Mossburn,#9d9fb3,,168.2347682,-45.6693308
Motueka,#c18562,,173.0094875,-41.112493
Motukiekie Island,#5e88a6,,174.203238,-35.2177607
Motukorea,#424b56,,174.8955646,-36.8313639
Motutapu Island,#5f655a,,174.9155763,-36.7633481
Moutere,#76362e,,172.1920041,-40.8322023
Mt Albert,#c2bdb2,,174.7155603,-36.8841665
Mt Aspiring,#e7e7e1,,168.7279571,-44.3841635
Mt Bruce,#525550,,171.6149716,-43.0537521
Mt Cecil,#b2bbdb,,170.924167,-44.584
Mt Difficulty,#a67284,,169.0820402,-45.0430319
Mt Dobson,#e2f0f5,,169.757177,-43.9218555
Mt Hikurangi,#b6bec5,,178.0607394,-37.9189282
Mt Hutt,#eae9e1,,171.5260623,-43.4714859
Mt Inaccessible,#433f3b,,166.6358,-45.88097
Mt Maunganui,#b7977c,,176.1838841,-37.6380218
Mt Messenger,#3d4844,,174.594361,-38.8939724
Mt Sefton,#e7f1d0,,170.0421118,-43.6824551
Mt Somers,#dfd9dc,,171.4024346,-43.7055797
Mt Stevens,#505238,,172.451333,-40.793889
Mt Taranaki,#5d5041,,174.0638945,-39.2960839
Mt Victoria,#51a1a1,,174.7943018,-41.296076
Mt Ward,#9eb8d0,,167.18101,-45.60768
Murchison,#bbb4a4,,172.3286812,-41.7995251
Muriwai,#ddd2bb,,172.3071548,-43.864982
Muriwai,#cfc3aa,Double,174.4339345,-36.8246517
Muriwai,#e5ddca,Half,177.9231726,-38.7530673
Murrays Bay,#7d94a2,,174.7528516,-36.7329277
Musick Point,#7d96c6,,174.9010348,-36.8463582
Musket Bay,#656756,,167.8268832,-44.4900781
Mussel Point,#fee1da,,174.2239956,-41.7226329
Mystery Creek,#b0b07b,,175.3489383,-37.8706892
Māhia,#89a6cd,,177.898028,-39.183167
Māngere Bridge,#d4d3e0,,174.7852413,-36.9439039
Māpua,#ca9c9c,,173.0962191,-41.25321
Mārahau,#0094a9,,173.0086156,-41.0061336
Mōrere,#aabda2,,177.788981,-38.959024
Mōtū River,#cadbc7,,177.6514209,-38.1466538
Naenae,#cacd40,,174.9537984,-41.200486
Napier,#b44970,,176.917839,-39.4902099
Narrow Neck,#cdcabf,Half,166.912652,-45.42701
Narrow Neck,#a6a499,Double,174.8013927,-36.8133725
Naseby,#8e6838,,170.1460085,-45.0249757
Ness Valley,#9a3335,,175.1277995,-36.9946522
New Plymouth,#5ab9a1,,174.0806474,-39.0579941
Newmarket,#c67593,,174.7780755,-36.8674453
Ngarunui Beach,#d6d2c8,,174.831995,-37.8128514
Ngawi,#8d4f4c,,175.2340526,-41.5876747
Ngongotahā,#ead4c7,,176.2127159,-38.0808401
Ngāpuna,#c2a292,,176.27393,-38.1450538
Ngāruawāhia,#3d343f,,175.1500534,-37.6662658
Ngātaringa Bay,#b4c2b6,,174.7799348,-36.81968
Ngātea,#cfd79d,,175.4916548,-37.2757232
Ngāuruhoe,#a198a2,,175.6319511,-39.1567868
Nile Street,#c4795d,,170.4924671,-45.9068085
Ninety Mile Beach,#f7dfb9,,173.0461184,-34.8524563
Norsewood,#797268,,176.2155372,-40.0707728
North Cape,#8ca9b9,,173.0519725,-34.4160018
North Head,#b1a291,,174.8123571,-36.8277095
Northcote,#7c828e,,174.745208,-36.8010871
Northlake,#666966,,169.1597208,-44.6789175
Nugget Point,#49465a,,167.109,-45.014361
O'Neills Bay,#d7f0f0,,174.7667011,-36.821443
Oakley Creek,#ebf7e8,,174.719485,-36.8976694
Ocean View Beach,#194356,,170.3414733,-45.9411115
Ohoka,#cf9fab,,172.5776605,-43.3630619
Okains Bay,#aabf8b,,173.0424226,-43.7096655
Old Man Range,#504e4e,,170.3687903,-43.9858366
Omaha,#e1c290,,174.7747859,-36.3399886
Omaui,#8e3646,,168.26089,-46.51905
One Tree Hill,#2d7f69,,174.7831302,-36.900172
Onemana,#65768e,,175.8765974,-37.1567649
Onerahi,#c9d7ed,,174.3686964,-35.755012
Oneroa,#3c4965,,175.0098094,-36.7819161
Onetangi,#afc5d9,,175.0825819,-36.7891861
Opito Bay,#e5d1c0,,174.1530859,-35.2639553
Orewa,#b9e7db,,174.6914965,-36.5857596
Oriental Bay,#bbd0de,,174.793919,-41.2918354
Otūmoetai,#f5cd80,,176.1402406,-37.6717267
Outram,#42354f,,170.2290377,-45.8598144
Oxford Terrace,#af3f42,,174.807967,-36.8239772
Paekākāriki,#ead9b6,,174.9514432,-40.9883074
Paeroa,#e6c089,,175.6704263,-37.3804671
Paihia,#ffe481,,174.0920879,-35.2812407
Pandora,#f1c2c3,,176.886452,-39.4913611
Parakai,#abd0e0,,174.4331289,-36.6604127
Paremata,#b7c5d3,,174.869541,-41.0976075
Parihaka,#f6e4ee,,173.8394654,-39.2887721
Parkvale,#beb7bf,,176.8594668,-39.64906
Parnassus,#afd1c3,,173.2912573,-42.7117596
Passage Rock,#60352e,,175.1298923,-36.8575074
Pataua Beach,#d1bc92,,174.5185218,-35.7051978
Pauātahanui,#ac9c89,Half,174.8585899,-41.1088953
Pauātahanui,#958271,,174.9166968,-41.1051387
Pearl Island,#e7d78f,,167.7089363,-47.1934909
Peep-O-Day,#383e44,,175.8237791,-39.9551978
Pelorus Bridge,#5d74a9,,173.5723636,-41.299103
Pencarrow,#6c7a74,,174.8500366,-41.3589028
Petone,#7570a6,,174.8790351,-41.2249675
Pigeon Bay,#9ea8cf,,172.8999544,-43.6867452
Pigeon Bush,#c1b25c,,172.3082281,-43.0913954
Piha,#31363b,,174.4694742,-36.9556043
Pinehaven,#31817e,,175.0157222,-41.1616928
Pisa Moorings,#586880,,169.2418048,-44.9769431
Plimmerton,#005479,,174.8652978,-41.0819811
Pohangina,#bfd75a,,175.7947468,-40.1707737
Point England,#f1dedd,,174.8652954,-36.8847075
Point Wells,#b1b4b3,,174.7567087,-36.3239444
Ponsonby,#9d6750,,174.7435778,-36.8477056
Poor Knights,#2b3746,,174.7411196,-35.4810327
Pororari River,#cdc3a7,Quarter,171.4138739,-42.13813
Pororari River,#b0a47e,,171.3397499,-42.1062204
Port Fitzroy,#a6b5c5,,175.3637436,-36.1638478
Port Hills,#e64d1b,,172.7304227,-43.5869302
Port Jackson,#354a54,,175.3388586,-36.4853909
Port Ōhope,#deb45b,,177.1093318,-37.981849
Potters Park,#c2907a,,174.7490073,-36.8865251
Prebbleton,#d1b6a7,,172.5141224,-43.5800673
Pt Chevalier,#427571,,174.7080874,-36.8665285
Puhoi,#a0b2b9,,174.6611196,-36.5120922
Puhoi,#b4c2c7,Half,174.705481,-36.51872
Pukeatua,#becac6,,175.5592547,-38.0654408
Pukehina,#f7e0c9,Half,176.5259331,-37.8233827
Pukehina,#f5d5ba,,176.5341645,-37.79195
Pukekawa,#ecddad,,174.7760429,-36.8590138
Pukekohe,#bfb5a6,,174.9036875,-37.2006384
Pukekura Park,#8b8c6e,,174.0797393,-39.0648343
Pukerua Bay,#5b546e,,174.8854454,-41.0374407
Punakaiki,#95b6b4,,171.3353148,-42.1085542
Punaromia,#dfd2ca,Quarter,176.3737177,-38.207085
Punaromia,#c6b3a9,,176.3760003,-38.2063914
Punchbowl Falls,#32628a,,171.5682515,-42.9328032
Punga Cove,#42463e,,174.15171,-41.1291371
Pureora,#567062,,175.5256711,-38.354859
Purity Hut,#83d1a6,,176.0563068,-39.8203028
Puysegur Point,#9c9380,,166.6084369,-46.1567277
Pyramid Valley,#caa66e,,172.6012874,-42.9699729
Pākiri,#47a6c5,,174.7274706,-36.2643963
Pātea,#52383a,,174.4757901,-39.4615307
Pāuanui,#93907f,,175.8648118,-37.0242711
Pōhutu Geyser,#9f6e60,,176.2539737,-38.1635344
Pōkeno,#897570,,175.0219505,-37.244824
Pōrangahau,#c4552d,,176.6224496,-40.3072127
Pūkaki,#abb2af,,170.9302221,-42.826532
Pūkaki,#bdc3be,Half,170.1461233,-44.1903149
Pūkaki,#989e98,Double,170.2084302,-44.2673982
Pūkaki,#cdd2ce,Quarter,170.1742311,-44.0477609
Pūkawa,#6d758e,,175.7515667,-38.9137553
Pūpū Springs,#dcd4c3,,172.768685,-40.8478595
Pūrākaunui Bay,#88a495,,170.6232857,-45.7381008
Quay Street,#8da5bd,,174.779633,-36.8471683
Queen Street,#604e64,,174.7623999,-36.8558192
Queenstown Hill,#71845e,,168.6924181,-45.0086651
Rabbit Island,#d0cce5,,173.1450011,-41.2693151
Raetihi,#dce6eb,,175.2828804,-39.4264953
Raglan,#5e6377,,174.8682464,-37.7997729
Rai Valley,#d8c8a9,,173.5834466,-41.2278927
Rakaia,#938e83,,171.6130479,-43.4828501
Rakaia,#aaa599,Half,172.0236842,-43.7566951
Rakaia,#837b6e,Double,171.625,-43.495944
Ranfurly,#814c43,,170.100127,-45.1303673
Rangatāua,#b55732,,175.4553203,-39.4280128
Rangiora,#deb2af,,172.5961483,-43.303171
Rangipo,#9a886a,,175.290822,-37.132904
Rangitata,#e7b7a4,,171.1945441,-43.7490763
Rangitoto,#904433,,174.7359167,-36.7386148
Rangitīkei River,#9ea8a8,Quarter,175.8152587,-39.7665195
Rarawa Beach,#dcdce1,,173.0769397,-34.716506
Raumati,#d9853f,,174.9807058,-40.9186111
Raurimu,#5a5c64,,175.395994,-39.1206606
Raymonds Gap,#817b69,,167.88734,-46.09471
Red Beach,#8c474d,,174.7019115,-36.6043568
Red Jacks,#95352e,,171.4379964,-42.4044108
Red Rocks,#8a3b34,,174.7270535,-41.3576186
Redcliffs,#903b2f,,172.7369305,-43.5609616
Reefton,#9399a4,,171.8634561,-42.1159384
Remuera,#ebe9e0,,174.8014178,-36.8759344
Remutaka Range,#8c9d8e,,175.0993839,-41.2676833
Riccarton,#ffc6c2,,172.5947946,-43.5309939
Richmond,#d9a5ac,,173.1872264,-41.3380953
Riversdale,#9f9385,,168.7437041,-45.9013221
Riverton,#b77e53,,168.0202689,-46.3509977
Riwaka,#9c9387,,172.9967803,-41.0802399
Roaring Meg,#be4c3e,,175.1978749,-40.8763442
Roberton Island,#7acdd0,,174.1652304,-35.2326098
Rongotai,#585d67,,174.8004653,-41.322705
Roseneath,#c17c83,,170.6009244,-45.8273021
Rothesay Bay,#49566b,,174.7511465,-36.7215205
Rotorua,#fcd33b,,176.252922,-38.1381493
Routeburn,#3f3c3e,,168.3130659,-44.746615
Roxburgh,#ffcfa0,,169.3139403,-45.5393399
Roys Peak,#cbc9c5,,169.0487295,-44.6939981
Ruahine,#6d9287,,176.0904272,-39.8858678
Ruakākā,#487584,,174.4557066,-35.8754355
Ruawai,#dd7f5a,,174.0252849,-36.1368675
Ruby Bay,#d18e8d,,173.0863455,-41.2350885
Russell,#2f3049,,174.1215291,-35.2617916
Rārangi,#85b2a0,,174.0432031,-41.3964098
Rāwene,#3c3e3f,,173.5060587,-35.3997951
Rāwhiti,#c2c3d2,,172.866497,-40.8853076
Sailors Cutting,#7a8da6,,170.079889,-44.543472
Sandfly Point,#f2f1e9,Quarter,167.860564,-44.951564
Sandfly Point,#f2efe4,Half,166.632236,-46.0964679
Sandringham,#e4f5e1,,174.7368028,-36.892686
Sandrock Bluff,#c9bca7,Double,168.2695888,-44.1247682
Sandspit,#f3ebd8,,174.727582,-36.3930812
Sandymount,#c0af9c,,170.6724353,-45.8911602
Sandymount,#cebeac,Half,170.6410861,-45.8718884
Sawdon,#888aa0,,170.5087159,-44.0599426
Scorching Bay,#ae3b3d,,174.8346249,-41.2981623
Selwyn,#294d6e,,172.2277522,-43.6495222
Separation Point,#84a9ce,,174.139104,-41.314183
Sergeants Hill,#eada82,,171.648159,-41.7608444
Shag Rock,#605c58,,168.2718296,-46.5835919
Sheerdown Peak,#dff2e3,,167.939058,-44.699325
Sheffield,#e99e4b,,172.0211299,-43.3891595
Shelly Beach,#ebd9aa,,174.3761172,-36.5702025
Sherwood,#fcdcaf,,171.8223739,-43.7493194
Shoe Island,#887b6a,,175.9060468,-36.9928315
Shotover Street,#00834a,,168.6590316,-45.0318389
Silo Park,#6b3938,,174.7547846,-36.8398339
Silverdale,#f9efd8,,175.3304609,-37.7933758
Silverstream,#e5e2bf,,175.0117941,-41.1489813
Skippers,#656c72,,168.6879015,-44.8436978
Slipper Island,#8991b3,,175.944856,-37.0493331
Smugglers Bay,#eedddf,Quarter,174.5358014,-35.8586247
Snells Beach,#bebc35,,174.7239757,-36.4204774
Snowdon Forest,#b98278,,168.0761736,-45.2393638
Sockburn,#d6afaf,,172.5563941,-43.538496
Southbridge,#e3dc84,,172.2544396,-43.8119105
Southern Alps,#f7f8f4,,169.5852659,-44.0180642
Spectacle Lake,#526a81,,174.6292603,-36.1820273
Spirits Bay,#a7abb2,,172.8308035,-34.4345835
Split Apple Rock,#c4ebe9,,173.0202219,-41.0183173
Spring Creek,#c8d5e7,Half,173.966464,-41.4576978
Spring Creek,#b9c9e0,,173.9505281,-41.4570618
Springston,#3f414c,,172.4275629,-43.6445501
St Andrews,#faeee4,,175.2589399,-37.7557779
St Bathans,#a2986a,,169.8111508,-44.8708134
St Clair,#d1d6d9,Double,170.4907037,-45.9114627
St Clair,#edefee,Quarter,170.4891455,-45.9093912
Stewart Island,#f0eebe,,167.882138,-46.9867197
Stilwell Bay,#b2c9e1,,173.0433582,-40.9763126
Stirling Falls,#d1d7eb,,167.8711845,-44.609207
Stockyard Point,#e2dbcc,Half,172.849667,-40.51775
Stoke,#4d3b2d,,173.2335584,-41.3123756
Stony River,#a6a29c,Half,170.2602796,-44.3598097
Stony River,#938f8a,,173.9121203,-39.2356671
Sugarloaf Island,#d1dbd2,Half,173.3616115,-34.784533
Sumner,#9eb8d8,,172.7528503,-43.5835253
Surfdale,#989aa7,,175.0254461,-36.7932639
Tai Tapu,#423b35,,172.5502326,-43.6595989
Taiaroa Head,#d9dbdf,,170.7283327,-45.775145
Taieri,#4f513f,,170.1394526,-45.5094643
Taihape,#363535,,175.7983062,-39.6766915
Tairua,#1e4769,,175.850199,-36.999928
Takapuna Beach,#bc4939,,174.7770082,-36.7892356
Takitimu Mountains,#bdc2cf,,167.8507019,-45.7211667
Tapanui,#705a89,,169.2619453,-45.9425171
Tapawera,#d7bda6,,172.8252254,-41.3854986
Tapeka Beach,#6cbee7,,174.1206511,-35.245904
Tapora,#afb75f,,174.3022535,-36.3523611
Taradale,#e7b6ca,,176.8484327,-39.5334658
Tarras,#817c58,,169.4259579,-44.8325138
Tata Beach,#edb959,,172.9147598,-40.8111618
Tauhara Park,#ab4d53,,175.2694799,-37.7397783
Tauherenīkau,#a0b0a3,,175.3791022,-41.1189507
Taumata,#f7e5d9,Quarter,173.392972,-35.0635
Taumata,#f2d0bf,,176.5403047,-40.3460617
Tauranga Bay,#7d8797,,173.7866956,-35.0058954
Tawa,#9f3649,,174.8247761,-41.1681676
Taylors Mistake,#0d7c9f,,172.7793067,-43.5819873
Te Ahuahu,#d2e587,,173.8412395,-35.3397357
Te Araroa,#97342c,,178.3610171,-37.6330949
Te Aroha,#838e75,,175.7123669,-37.543149
Te Atatū,#f1d3e0,,174.6518628,-36.8411219
Te Awamutu,#fc7f5d,,175.3257827,-38.0101564
Te Horo,#6d725a,,175.1233352,-40.808433
Te Kaha,#d1c9be,,177.6785714,-37.7391832
Te Kopua Beach,#35383f,,174.6440885,-36.886297
Te Kōpuru,#826e58,,173.9157775,-36.0280193
Te Kūiti,#242322,,175.1657117,-38.3341925
Te Mata Peak,#a9896b,,176.909684,-39.7018276
Te Puke,#97a263,,176.3270238,-37.7853294
Te Puna,#e2deae,,176.0746896,-37.6843423
Te Pūpūha Point,#6f6052,,175.8228343,-36.8510004
Te Rapa,#ebe3be,,175.223457,-37.734118
Te Rapa,#f0eacd,Half,175.2339189,-37.7521378
Te Waewae,#d9c7ab,Half,167.519586,-46.2353109
Te Waewae,#ccb798,,176.2239533,-40.8741024
Te Ānau,#7da3a2,,167.717489,-45.41449
Te Āpiti,#ecebe6,,175.79992,-40.3177572
Thames,#a36f36,,175.5418037,-37.137983
The Bubble,#7495b3,,174.7645975,-36.8500193
The Chasm,#929cac,,170.6817725,-45.89336
The Domain,#fac9b5,,174.3631217,-35.773037
The Octagon,#7b7f88,,170.5036127,-45.8740662
The Pines Beach,#8e7baa,,172.7022205,-43.3752036
The Pinnacles,#8aaf38,,175.2467736,-41.4468023
The Remarkables,#494d53,,168.7973254,-45.0820122
The Terrace,#daaf7d,,172.6344841,-43.5325945
The Viaduct,#008e96,,174.7606833,-36.8432042
Thornbury,#9b3934,,168.0941062,-46.2892915
Thorndon,#d5cbb9,,174.7756309,-41.2745396
Three Kings,#a14237,,174.7583572,-36.9090049
Ti Point,#d7dad8,,174.08301,-35.271374
Tikitiki,#7a443a,,178.4136694,-37.795285
Tikokino,#fad0d2,,176.4530575,-39.8160446
Tiniroto,#62a348,,177.5670433,-38.7734746
Tinkertown,#474c48,,168.00683,-45.956
Tinopai,#7e8e9f,,174.2421754,-36.24968
Tirimoana,#96827d,,174.6486756,-36.8869367
Tiritea,#e1ebb1,,175.6556153,-40.4084146
Titirangi,#3a3e40,,174.657172,-36.9377516
Tokaanu,#f4e6e5,,175.7685115,-38.9648687
Tokatoka,#b56f66,,173.9749135,-36.0572998
Tokerau Beach,#ffd4d1,,173.3713337,-34.8830436
Tokomaru Bay,#ac542d,,178.3160945,-38.1275279
Tokoroa,#88593a,,175.8705389,-38.2168677
Tongapōrutu,#514e5c,,174.5992321,-38.8207345
Tongariro,#5d4c45,,175.6353731,-39.1298788
Torpedo Bay,#405b78,,174.8076411,-36.8297438
Torrent Bay,#efc87c,,173.0568568,-40.9465494
Tory Channel,#555d66,,174.2306948,-41.2391178
Treble Cone,#e7e6df,Half,168.8728247,-44.6323751
Trentham,#d7c0ba,,175.0388329,-41.1341841
Tuakau,#c6c5d9,,174.9473466,-37.2625891
Tuatapere,#31363b,,167.6907627,-46.1323096
Tunnel Beach,#97a1b8,,170.4590756,-45.9207498
Turoa,#e0e0dc,Quarter,175.4067772,-39.4227725
Tutukaka,#303c40,,174.5244347,-35.6083254
Twizel,#a9bcdd,,170.0994145,-44.257483
Tākaka,#b1b3c4,,172.8062424,-40.8574983
Tāmaki,#dbb37a,,175.0115426,-36.8482569
Tāne Mahuta,#934a35,,168.8614374,-46.0630219
Tīmaru,#006569,,171.2509786,-44.3930254
Tīrau,#ababa9,Double,169.1972881,-45.0371308
Tīrau,#bdbebb,,175.7565366,-37.977214
Tītahi Bay,#e8c3ae,,174.8374978,-41.1086925
Tītī Islands,#d7c1cd,,174.1377949,-40.950582
Tōrere,#e2ddd3,Quarter,177.491325,-37.949759
Tōtara Park,#ccd3c3,,175.0857771,-41.1079934
Tōtaranui,#f0e2c8,Half,173.005058,-40.8224855
Tōtaranui,#eaddc0,,174.2729169,-41.1420637
Tūpāroa,#d5d0be,,178.3870912,-37.9200121
Tūrangi,#bcb3c3,,175.8089539,-38.9887347
Urenui,#67788a,,174.3877931,-38.9971291
Uretiti,#dc939b,,174.4643231,-35.9477806
Urewera,#b6a28b,Half,177.1283331,-38.3277258
Urewera,#a08b71,,173.7585122,-35.7249384
Urupukapuka,#ccd6e9,Half,174.2342095,-35.2156144
Urupukapuka,#bdc9e2,,174.2385313,-35.2192038
Victoria Street,#f6cd55,,175.4740116,-37.8985675
Vinegar Hill,#dba09e,,175.6314977,-39.9252398
Virginia Lake,#51485c,,175.0334246,-39.9135684
Vivian Street,#bd6886,,174.7790376,-41.2961033
Vulcan Lane,#5f5b91,,174.766325,-36.8471083
Wadestown,#c9e3cb,,174.7790775,-41.2647151
Wai o Taiki Bay,#6eb54b,,174.8742742,-36.8712597
Waiau Bay,#dcd0bb,,174.7640775,-36.6181079
Waihau Bay,#795235,,177.9060602,-37.6141164
Waiheke,#2c5c4d,,175.0883863,-36.7931083
Waihī,#a47d3f,,175.8403538,-37.391462
Waikanae,#b6bdc3,,175.0643045,-40.8758432
Waikino,#5a4c39,,175.7774876,-37.4104369
Waikuku,#686d92,,172.6836745,-43.2930625
Waimakariri River,#c9706a,,172.069178,-43.3594111
Waimangu Valley,#f8eaed,,176.3965256,-38.2840719
Waimauku,#cee3d8,Half,174.4920607,-36.7692576
Waimea,#e8f2c4,,173.1945577,-41.2904483
Waimārama,#4a5756,,176.9892201,-39.8158277
Wainui Beach,#9ab4ac,,174.7465825,-39.8634535
Wainuiomata,#52b960,,174.9171017,-41.3236408
Waioeka,#526d75,,177.2886944,-38.0549003
Waiomio,#c9c3d2,,175.6722137,-41.1969402
Waiomio,#d6d1dc,Half,174.0736055,-35.4132566
Waiotapu,#d8ccc8,,176.3620486,-38.3395138
Waipapakauri,#756042,,173.2276341,-35.0250402
Waipara,#f2e9af,,168.6818518,-44.3042729
Waipawa,#fbd624,,176.589286,-39.9417436
Waipoua Forest,#3e3431,,173.5772942,-35.635015
Waipukurau,#a38784,,176.5567117,-39.9956
Waipū Cove,#3f77a3,,174.504229,-36.0287842
Wairau,#cea663,,173.5314071,-41.5635411
Wairoa,#f9f0d7,,177.4271389,-39.03939
Wairākei,#e6e6df,,176.1030355,-38.6193992
Wairākei,#ddded6,Double,176.087083,-38.611694
Waitangi,#c9c3b5,Half,-176.561027,-43.9511999
Waitangi,#d7d2c6,Quarter,174.0803091,-35.2681528
Waitangi,#c2bba9,,175.686266,-39.449251
Waitangi,#afa491,Double,174.49104,-36.57555
Waitara Beach,#545657,,174.2314299,-38.9880528
Waitiki Landing,#c0d5c9,,172.8397091,-34.5166041
Waitomo Caves,#dbd4b0,,175.1103222,-38.2610936
Waituna West,#c6cd87,,175.6399047,-40.0401431
Waitārere Beach,#ffaa97,,175.2395728,-40.5629044
Waiwera,#7fcfe2,,174.7069809,-36.5448557
Waiōuru,#9c8752,,175.6697752,-39.4772125
Warkworth,#5e3e41,,174.6642316,-36.3984914
Warrington,#a5d0c5,,170.5925926,-45.7091034
Washdyke,#987444,,171.239831,-44.3574414
Watchman Island,#00718d,,174.7319518,-36.8350208
Waterfall Bay,#edf4d2,,173.9664753,-41.2286668
Waverley,#793d29,,174.6291448,-39.7623103
Welcome Bay,#a73944,,176.1874502,-37.7294281
Wellsford,#cdd1bc,,174.523259,-36.2957426
Wenderholm,#aa3030,,174.7015442,-36.5347056
West Melton,#7d603f,,172.3735742,-43.5244331
West Plains,#ad969e,,168.31445,-46.36936
Western Springs,#897969,,174.7289119,-36.870489
Westmere,#4b3d40,,174.719552,-36.8534456
Whakaari / White Island,#c9cbbf,,177.1814086,-37.5200619
Whakaipo Bay,#7598b8,,175.947335,-38.6954873
Whakakī Lagoon,#c1d4d6,,177.5570454,-39.0444692
Whakapapa,#5b3e3c,,175.5386207,-39.200643
Whakarewarewa,#b3afa8,Quarter,176.256574,-38.1626866
Whakarewarewa,#9f9a92,Half,176.5958418,-38.0345293
Whakatāne,#527698,,176.9945977,-37.9519223
Whale Bay,#e9d9c2,,174.1101935,-35.1696051
Whangamatā,#9bdcb7,,175.8719724,-37.2063323
Whanganui River,#94826f,,175.0083521,-39.3145441
Whangaparāoa,#a3bfcd,,174.7214003,-36.6202718
Whangapē,#68546d,,175.052233,-37.4760472
Whangaroa,#3f4350,,173.7420992,-35.0529406
Whangārei Heads,#737389,,174.5053966,-35.8164559
Wharariki,#606a74,,172.6788609,-40.5027515
Wharekauhau,#e8ddce,Quarter,175.0543703,-41.3563824
Whiritoa,#efcfd2,,175.9004113,-37.2836153
Whitcombe Valley,#7c6742,,171.0155157,-42.919123
Whitemans Valley,#d6d9cb,Half,175.0899102,-41.1481595
Whitianga,#e9b5a8,,175.7024856,-36.8331861
Whāngārā,#ede5dc,Quarter,178.2297407,-38.570603
Whāngārā,#e6dcd2,Half,178.2355498,-38.5734294
Whāngārā,#ded0c4,,175.3713657,-36.2552651
Wigram,#3a393a,,172.5462481,-43.5497926
Willow Flat,#a7aa9a,,173.824829,-41.6748773
Winchester,#edd9d9,Half,171.2783685,-44.1849304
Winton,#61ba82,,168.3239863,-46.141439
Wiroa Island,#4c6a67,,174.8076496,-37.0149859
Woods Creek,#bcc5b2,,171.3570404,-42.5678443
Woodville,#968577,,175.8667991,-40.3370786
Wright Hill,#bebc99,,174.7399726,-41.2961053
Yaldhurst,#c0d3ca,,172.5057082,-43.5127622
Young Nicks Head,#7a7c7d,,177.9722998,-38.7563948
Zalatown,#e4d066,,172.0726863,-41.7820916
Ākitio,#624875,,176.3329279,-40.475515
Āniwaniwa,#d4d8dc,,176.7871767,-38.325971
Āniwaniwa,#c7ccd1,Double,177.1609304,-38.743648
Āwhitu,#ffb4b4,,174.6349556,-37.0843949
Ōakura,#59bfc2,,173.9953941,-39.1591235
Ōamaru,#c6bdae,,170.9697933,-45.0999833
Ōhaeawai,#a86f64,,173.8821805,-35.3518338
Ōhai,#8b9188,,167.9519,-45.93266
Ōhakea,#8d96a0,,175.3790426,-40.1976882
Ōhakune,#ef9029,,175.3996126,-39.4169455
Ōhau,#e1ddd8,,169.8490796,-44.2314982
Ōhaupō,#2f3a46,,175.307047,-37.919078
Ōhiwa,#9b9e80,,177.1280821,-38.0109628
Ōkete,#2c464a,,174.919982,-37.8054437
Ōkiwi Bay,#007ebe,,173.6581263,-41.1120967
Ōkārito,#f1f2f1,,170.214139,-43.1953256
Ōmarama,#ae8e66,Double,175.0183214,-38.163604
Ōmarama,#b7a07a,,169.9655968,-44.487876
Ōmihi,#026b5a,,172.8540953,-43.020694
Ōmāpere,#fdeeaf,,173.7952856,-35.3478251
Ōpononi,#d4cdc0,,173.3917291,-35.5116663
Ōpoutere,#a6d5e9,,175.8699151,-37.1096042
Ōpua,#5193c4,,174.121422,-35.3126314
Ōpunake,#594d54,,173.8601616,-39.4546624
Ōrakei Kōrako,#d1c9df,,176.1438986,-38.4741211
Ōrakei Kōrako,#e5e0ec,Quarter,176.1429966,-38.4737044
Ōrakei Kōrako,#dcd6e7,Half,176.1425972,-38.4741366
Ōreti,#cdbea6,Double,168.4421082,-45.7380383
Ōtaki Forks,#2e4e5b,,175.2337304,-40.8679788
Ōtama Beach,#72c8b5,,175.7631155,-36.7063847
Ōtatara,#4a613a,,168.28698,-46.43803
Ōtautau,#e5cec9,,167.9989374,-46.1398505
Ōtorohanga,#fbeebf,,175.2112083,-38.186037
